Type,Name,Request Count,Failure Count,Median Response Time,Average Response Time,Min Response Time,Max Response Time,Average Content Size,Requests/s,Failures/s,50%,66%,75%,80%,90%,95%,98%,99%,99.9%,99.99%,100%
GET,/admin-dashboard,197,0,7,11.624861191272698,5.722610047087073,60.27534801978618,22595.0,1.099212813123948,0.0,7,8,11,13,22,42,55,56,60,60,60
GET,/admin-view-attendance/one,117,0,4,5.6596757549569645,2.8238589875400066,14.948431984521449,7603.0,0.6528319753071163,0.0,4,6,7,8,10,12,14,14,15,15,15
POST,/admin-view-attendance/one,117,0,110.0,138.84011117351423,88.51716294884682,469.2265809280798,31433.0,0.6528319753071163,0.0,110,130,140,180,220,280,310,320,470,470,470
GET,/admin-view-student,128,0,8,11.179074534084066,6.275240913964808,44.25183299463242,29220.0,0.7142093405069307,0.0,8,11,14,16,20,22,31,43,44,44,44
GET,/admin-view-student-fee,62,0,6,8.928094093026894,4.618001054041088,29.74151400849223,12831.0,0.3459451493080446,0.0,6,8,10,12,16,21,24,30,30,30,30
GET,/admin-view-teacher,127,0,8,11.107011948433506,6.47876993753016,43.05422294419259,32147.0,0.7086295800342204,0.0,8,9,11,13,20,27,39,41,43,43,43
GET,/admin-view-teacher-salary,60,0,20,26.93651700586391,15.644982107914984,96.33882099296898,12251.0,0.33478562836262377,0.0,21,25,31,34,54,62,66,96,96,96,96
GET,/adminlogin,8,0,11,14.015298977028579,5.184629932045937,25.213593035005033,5827.0,0.04463808378168317,0.0,12,15,25,25,25,25,25,25,25,25,25
POST,/adminlogin,8,0,250.0,260.3158392885234,240.30653201043606,278.67066697217524,22595.0,0.04463808378168317,0.0,270,270,270,270,280,280,280,280,280,280,280
GET,/student-attendance,954,0,4,5.434066566430712,2.6851800503209233,22.505070897750556,7162.0,5.3230914909657185,0.0,4,5,6,7,9,11,13,19,23,23,23
POST,/student-attendance,954,0,47,48.98899486527604,43.936172034591436,89.27295706234872,6503.0,5.3230914909657185,0.0,47,48,50,51,55,59,64,69,89,89,89
GET,/student-dashboard,1474,0,6,9.663963046719749,4.600650980137289,59.982215985655785,21975.0,8.224566936775124,0.0,6,8,11,13,17,24,48,48,60,60,60
GET,/studentlogin,28,0,13,13.187365456750351,5.566130974330008,28.887804015539587,5768.0,0.1562332932358911,0.0,14,15,16,16,18,26,29,29,29,29,29
POST,/studentlogin,28,0,260.0,264.2128754897775,240.2422979939729,316.5554680163041,21975.0,0.1562332932358911,0.0,260,260,270,270,280,280,320,320,320,320,320
GET,/teacher-dashboard,730,0,6,9.344703681154611,4.509310936555266,66.56147597823292,22106.0,4.073225145078589,0.0,6,8,11,12,16,21,48,52,67,67,67
GET,/teacher-view-attendance/one,472,0,4,5.249596375013086,2.767150988802314,18.580281059257686,7289.0,2.6336469431193072,0.0,4,5,6,7,9,11,13,14,19,19,19
POST,/teacher-view-attendance/one,472,0,110.0,128.2704131496711,88.3474649162963,528.5827260231599,31178.0,2.6336469431193072,0.0,110,120,130,150,200,240,320,480,530,530,530
GET,/teacherlogin,14,0,14,14.211026560847781,7.001340971328318,25.712253991514444,5831.0,0.07811664661794555,0.0,14,15,17,18,20,26,26,26,26,26,26
POST,/teacherlogin,14,0,260.0,261.12711363904447,244.6758809965104,284.11140595562756,22106.0,0.07811664661794555,0.0,260,270,270,270,280,280,280,280,280,280,280
,Aggregated,5964,0,8,29.18037689005329,2.6851800503209233,528.5827260231599,16681.505700871898,33.27769145924481,0.0,8,16,45,47,91,110,190,260,470,530,530
