function,total_time_s,avg_time_ms,self_time_s,avg_self_time_ms,inclusive_time_s,avg_inclusive_time_ms
<main>,5.779437,48.162,0.000000,0.000,5.779437,48.162
executeTextWorkload,4.629052,38.575,0.000000,0.000,4.629052,38.575
executeMixedWorkload,4.629052,38.575,0.000000,0.000,4.629052,38.575
countWordsFast,4.629052,38.575,1.169328,9.744,4.629052,38.575
normalizeSentence,3.459724,28.831,1.153996,9.617,3.459724,28.831
array_values,1.174685,9.789,1.174685,9.789,1.174685,9.789
isPrimeFast,1.155260,9.627,1.155260,9.627,1.155260,9.627
preg_replace,1.152984,9.608,1.152984,9.608,1.152984,9.608
array_filter,1.152744,9.606,1.152744,9.606,1.152744,9.606
parse_url,1.150385,9.587,1.150385,9.587,1.150385,9.587
