function,self_energy_j,self_energy_percent_of_php,inclusive_energy_j,inclusive_energy_percent_of_php,self_time_s,avg_self_time_ms,inclusive_time_s,avg_inclusive_time_ms
<main>,0.0,0.0,0.0385160050606041,8.729320346157989,0.0,0.0,5.779437303543091,48.16197752952576
executeTextWorkload,0.0,0.0,0.0385160050606041,8.729320346157989,0.0,0.0,4.629051923751831,38.57543269793193
executeMixedWorkload,0.0,0.0,0.0385160050606041,8.729320346157989,0.0,0.0,4.629051923751831,38.57543269793193
countWordsFast,0.0,0.0,0.0385160050606041,8.729320346157989,1.169327974319458,9.744399785995483,4.629051923751831,38.57543269793193
normalizeSentence,0.0,0.0,0.0385160050606041,8.729320346157989,1.153996467590332,9.616637229919434,3.459723949432373,28.831032911936443
array_values,0.0,0.0,0.0,0.0,1.174685001373291,9.789041678110758,1.174685001373291,9.789041678110758
isPrimeFast,0.0,0.0,0.0,0.0,1.1552598476409912,9.627165397008259,1.1552598476409912,9.627165397008259
preg_replace,0.0385160050606041,8.729320346157989,0.0385160050606041,8.729320346157989,1.1529836654663086,9.608197212219238,1.1529836654663086,9.608197212219238
array_filter,0.0,0.0,0.0,0.0,1.1527438163757324,9.60619846979777,1.1527438163757324,9.60619846979777
parse_url,0.0,0.0,0.0,0.0,1.1503853797912598,9.58654483159383,1.1503853797912598,9.58654483159383
