function,samples,self_samples,total_time_s,avg_time_ms,self_time_s,avg_self_time_ms,inclusive_time_s,avg_inclusive_time_ms
<main>,301,9,57.047173,471.464,1.716173,14.183,57.047173,471.464
get_the_block_template_html,163,0,30.850777,254.965,0.000000,0.000,30.850777,254.965
do_blocks,158,1,30.007711,247.998,0.129227,1.068,30.007711,247.998
WP_Block::render,158,6,30.007711,247.998,1.114963,9.215,30.007711,247.998
render_block,158,1,30.007711,247.998,0.165386,1.367,30.007711,247.998
WP_Hook::apply_filters,156,12,29.959343,247.598,2.523316,20.854,29.959343,247.598
render_block_core_pattern,102,1,19.290761,159.428,0.194682,1.609,19.290761,159.428
apply_filters,98,13,19.210808,158.767,2.826485,23.359,19.210808,158.767
WP_Theme_JSON_Resolver::get_merged_data,76,2,14.206516,117.409,0.299678,2.477,14.206516,117.409
WP_Hook::do_action,62,0,12.081674,99.849,0.000000,0.000,12.081674,99.849
render_block_core_template_part,64,0,11.983962,99.041,0.000000,0.000,11.983962,99.041
do_action,60,1,11.692472,96.632,0.166243,1.374,11.692472,96.632
wp_render_block_style_variation_support_styles,52,0,9.678426,79.987,0.000000,0.000,9.678426,79.987
wpdb::query,52,2,9.341665,77.204,0.468889,3.875,9.341665,77.204
mysqli_query,53,53,9.283222,76.721,9.283222,76.721,9.283222,76.721
wpdb::_do_query,50,0,8.872777,73.329,0.000000,0.000,8.872777,73.329
WP_Query::query,45,1,7.978371,65.937,0.132723,1.097,7.978371,65.937
WP_Query::get_posts,44,2,7.845648,64.840,0.342493,2.831,7.845648,64.840
WP_Theme_JSON::merge,42,13,7.709476,63.715,2.252251,18.614,7.709476,63.715
WP_Theme_JSON::__construct,39,4,7.240331,59.837,0.766983,6.339,7.240331,59.837
wpdb::get_results,32,0,5.948607,49.162,0.000000,0.000,5.948607,49.162
WP_Theme_JSON_Resolver::get_theme_data,30,2,5.851997,48.364,0.555905,4.594,5.851997,48.364
locate_block_template,27,0,5.252316,43.408,0.000000,0.000,5.252316,43.408
get_query_template,27,0,5.252316,43.408,0.000000,0.000,5.252316,43.408
resolve_block_template,27,0,5.252316,43.408,0.000000,0.000,5.252316,43.408
get_block_templates,27,1,5.252316,43.408,0.288248,2.382,5.252316,43.408
wp_head,25,0,4.672622,38.617,0.000000,0.000,4.672622,38.617
WP_Theme_JSON::sanitize,23,18,4.388347,36.267,3.176179,26.249,4.388347,36.267
get_home_template,20,0,3.885349,32.110,0.000000,0.000,3.885349,32.110
WP_Theme_JSON_Data::__construct,18,0,3.573247,29.531,0.000000,0.000,3.573247,29.531
_get_block_templates_files,18,1,3.527585,29.154,0.231583,1.914,3.527585,29.154
wp_render_layout_support_flag,18,4,3.344399,27.640,0.646059,5.339,3.344399,27.640
render_block_core_post_template,18,0,3.339114,27.596,0.000000,0.000,3.339114,27.596
wp_get_theme_data_custom_templates,16,0,3.061193,25.299,0.000000,0.000,3.061193,25.299
_add_block_template_info,16,0,3.061193,25.299,0.000000,0.000,3.061193,25.299
wp_enqueue_scripts,16,0,3.020254,24.961,0.000000,0.000,3.020254,24.961
WP::main,16,0,2.885163,23.844,0.000000,0.000,2.885163,23.844
wp,16,0,2.885163,23.844,0.000000,0.000,2.885163,23.844
WP::query_posts,16,0,2.885163,23.844,0.000000,0.000,2.885163,23.844
{closure},14,2,2.862295,23.655,0.484883,4.007,2.862295,23.655
register_core_block_style_handles,14,0,2.861224,23.646,0.000000,0.000,2.861224,23.646
WP_Query::__construct,18,0,2.841078,23.480,0.000000,0.000,2.841078,23.480
wp_enqueue_global_styles,14,0,2.670501,22.070,0.000000,0.000,2.670501,22.070
wpdb::get_col,16,0,2.563370,21.185,0.000000,0.000,2.563370,21.185
_prime_post_caches,13,0,2.356669,19.477,0.000000,0.000,2.356669,19.477
WP_Duotone::get_all_global_style_block_names,12,1,2.292621,18.947,0.166936,1.380,2.292621,18.947
WP_Duotone::render_duotone_support,11,0,2.125685,17.568,0.000000,0.000,2.125685,17.568
register_block_type_from_metadata,9,5,2.016271,16.663,1.080939,8.933,2.016271,16.663
wp_get_global_settings,9,1,1.981292,16.374,0.391156,3.233,1.981292,16.374
render_block_core_navigation,11,0,1.747623,14.443,0.000000,0.000,1.747623,14.443
WP_Navigation_Block_Renderer::render,11,0,1.747623,14.443,0.000000,0.000,1.747623,14.443
WP_Theme_JSON::get_blocks_metadata,9,1,1.642930,13.578,0.291366,2.408,1.642930,13.578
require_wp_db,11,0,1.640758,13.560,0.000000,0.000,1.640758,13.560
wpdb::__construct,11,0,1.640758,13.560,0.000000,0.000,1.640758,13.560
wpdb::db_connect,11,0,1.640758,13.560,0.000000,0.000,1.640758,13.560
_wp_array_get,9,9,1.611086,13.315,1.611086,13.315,1.611086,13.315
WP_Term_Query::get_terms,9,0,1.604191,13.258,0.000000,0.000,1.604191,13.258
WP_Term_Query::query,9,0,1.604191,13.258,0.000000,0.000,1.604191,13.258
update_object_term_cache,8,0,1.525250,12.605,0.000000,0.000,1.525250,12.605
WP_Theme_JSON::get_stylesheet,7,0,1.491094,12.323,0.000000,0.000,1.491094,12.323
wp_get_global_stylesheet,7,0,1.456831,12.040,0.000000,0.000,1.456831,12.040
_register_theme_block_patterns,7,0,1.370793,11.329,0.000000,0.000,1.370793,11.329
get_front_page_template,7,0,1.366967,11.297,0.000000,0.000,1.366967,11.297
wp_get_object_terms,7,0,1.290638,10.666,0.000000,0.000,1.290638,10.666
get_terms,7,0,1.290638,10.666,0.000000,0.000,1.290638,10.666
WP_Theme_JSON::get_block_nodes,7,7,1.288642,10.650,1.288642,10.650,1.288642,10.650
WP_Theme_JSON_Resolver::get_user_data,6,0,1.211784,10.015,0.000000,0.000,1.211784,10.015
WP_Theme::get_block_patterns,6,0,1.203538,9.947,0.000000,0.000,1.203538,9.947
wp_prime_site_option_caches,6,0,1.203538,9.947,0.000000,0.000,1.203538,9.947
wp_prime_option_caches,6,0,1.203538,9.947,0.000000,0.000,1.203538,9.947
wp_prime_network_option_caches,6,0,1.203538,9.947,0.000000,0.000,1.203538,9.947
WP_Theme::get_pattern_cache,6,0,1.203538,9.947,0.000000,0.000,1.203538,9.947
get_site_transient,6,0,1.203538,9.947,0.000000,0.000,1.203538,9.947
WP_Theme_JSON::get_default_slugs,6,4,1.186496,9.806,0.851425,7.037,1.186496,9.806
mysqli_real_connect,7,7,1.132446,9.359,1.132446,9.359,1.132446,9.359
wp_print_styles,6,0,1.128567,9.327,0.000000,0.000,1.128567,9.327
update_post_author_caches,6,0,1.074280,8.878,0.000000,0.000,1.074280,8.878
WP_Query::the_post,6,0,1.074280,8.878,0.000000,0.000,1.074280,8.878
cache_users,6,0,1.074280,8.878,0.000000,0.000,1.074280,8.878
WP_Theme_JSON_Resolver::get_user_data_from_wp_global_styles,5,0,1.065887,8.809,0.000000,0.000,1.065887,8.809
in_array,4,3,1.053126,8.704,0.851003,7.033,1.053126,8.704
wp_add_global_styles_for_blocks,6,0,1.018556,8.418,0.000000,0.000,1.018556,8.418
get_option,5,0,0.995743,8.229,0.000000,0.000,0.995743,8.229
apply_block_hooks_to_content,5,1,0.983875,8.131,0.166723,1.378,0.983875,8.131
WP_Theme_JSON_Resolver::get_core_data,4,1,0.982166,8.117,0.167255,1.382,0.982166,8.117
update_meta_cache,5,0,0.908262,7.506,0.000000,0.000,0.908262,7.506
json_decode,5,5,0.901861,7.453,0.901861,7.453,0.901861,7.453
WP_Styles::do_item,5,3,0.893759,7.386,0.581844,4.809,0.893759,7.386
WP_Dependencies::do_items,5,0,0.893759,7.386,0.000000,0.000,0.893759,7.386
array_replace_recursive,5,1,0.889074,7.348,0.167841,1.387,0.889074,7.348
WP_Block_Patterns_Registry::get_registered,5,0,0.859317,7.102,0.000000,0.000,0.859317,7.102
WP_Block_Parser::parse,4,0,0.826152,6.828,0.000000,0.000,0.826152,6.828
WP_Block_Parser::proceed,4,2,0.826152,6.828,0.424089,3.505,0.826152,6.828
array_intersect,3,3,0.812687,6.716,0.812687,6.716,0.812687,6.716
WP_Navigation_Block_Renderer::has_submenus,4,0,0.785628,6.493,0.000000,0.000,0.785628,6.493
WP_Navigation_Block_Renderer::is_interactive,4,0,0.785628,6.493,0.000000,0.000,0.785628,6.493
get_pages,4,0,0.785628,6.493,0.000000,0.000,0.785628,6.493
is_blog_installed,4,0,0.763179,6.307,0.000000,0.000,0.763179,6.307
wp_not_installed,4,0,0.763179,6.307,0.000000,0.000,0.763179,6.307
wp_load_alloptions,4,0,0.763179,6.307,0.000000,0.000,0.763179,6.307
_prime_term_caches,4,1,0.759040,6.273,0.166955,1.380,0.759040,6.273
WP_Theme_JSON_Resolver::read_json_file,4,0,0.734606,6.071,0.000000,0.000,0.734606,6.071
wp_json_file_decode,4,0,0.734606,6.071,0.000000,0.000,0.734606,6.071
wp_get_global_styles,4,0,0.728161,6.018,0.000000,0.000,0.728161,6.018
_wp_array_set,3,3,0.727445,6.012,0.727445,6.012,0.727445,6.012
WP_Theme_JSON::get_css_variables,3,0,0.725322,5.994,0.000000,0.000,0.725322,5.994
wp_scripts,4,0,0.722356,5.970,0.000000,0.000,0.722356,5.970
do_action_ref_array,4,0,0.722128,5.968,0.000000,0.000,0.722128,5.968
wp_interactivity_process_directives,3,0,0.718670,5.939,0.000000,0.000,0.718670,5.939
WP_Interactivity_API::process_directives,3,0,0.718670,5.939,0.000000,0.000,0.718670,5.939
WP_Interactivity_API::_process_directives,3,0,0.718670,5.939,0.000000,0.000,0.718670,5.939
wp_normalize_path,4,3,0.695823,5.751,0.528558,4.368,0.695823,5.751
substr,4,4,0.657630,5.435,0.657630,5.435,0.657630,5.435
WP_Navigation_Block_Renderer::handle_view_script_module_loading,3,0,0.638953,5.281,0.000000,0.000,0.638953,5.281
get_locale,3,1,0.620532,5.128,0.193564,1.600,0.620532,5.128
WP_Theme_JSON::get_block_classes,3,0,0.598837,4.949,0.000000,0.000,0.598837,4.949
parse_blocks,3,1,0.598187,4.944,0.196125,1.621,0.598187,4.944
wpdb::get_row,3,0,0.595128,4.918,0.000000,0.000,0.595128,4.918
WP_Embed::autoembed,1,0,0.586201,4.845,0.000000,0.000,0.586201,4.845
wp_replace_in_html_tags,1,1,0.586201,4.845,0.586201,4.845,0.586201,4.845
WP_Theme_JSON::get_valid_block_style_variations,4,4,0.575101,4.753,0.575101,4.753,0.575101,4.753
md5,3,2,0.566437,4.681,0.401051,3.314,0.566437,4.681
WP_Theme_JSON::get_settings_values_by_slug,2,0,0.558067,4.612,0.000000,0.000,0.558067,4.612
WP_Theme_JSON::compute_preset_vars,2,0,0.558067,4.612,0.000000,0.000,0.558067,4.612
WP_Scripts::__construct,3,0,0.555445,4.590,0.000000,0.000,0.555445,4.590
WP_Scripts::init,3,0,0.555445,4.590,0.000000,0.000,0.555445,4.590
WP_Theme_JSON_Resolver::get_block_data,3,1,0.547615,4.526,0.234808,1.941,0.547615,4.526
array_pop,3,2,0.546980,4.520,0.380044,3.141,0.546980,4.520
WP_Navigation_Fallback::get_most_recently_published_navigation,4,0,0.536089,4.430,0.000000,0.000,0.536089,4.430
WP_Navigation_Block_Renderer::get_inner_blocks_from_fallback,4,0,0.536089,4.430,0.000000,0.000,0.536089,4.430
block_core_navigation_get_fallback_blocks,4,0,0.536089,4.430,0.000000,0.000,0.536089,4.430
WP_Navigation_Block_Renderer::get_inner_blocks,4,0,0.536089,4.430,0.000000,0.000,0.536089,4.430
WP_Navigation_Fallback::get_fallback,4,0,0.536089,4.430,0.000000,0.000,0.536089,4.430
convert_smilies,3,2,0.529765,4.378,0.363082,3.001,0.529765,4.378
WP_HTML_Tag_Processor::next_tag,3,2,0.529621,4.377,0.293285,2.424,0.529621,4.377
_build_block_template_result_from_file,2,0,0.524556,4.335,0.000000,0.000,0.524556,4.335
safecss_filter_attr,3,2,0.516689,4.270,0.314566,2.600,0.516689,4.270
translate_settings_using_i18n_schema,3,2,0.510009,4.215,0.314895,2.602,0.510009,4.215
WP_Theme_JSON::get_block_selectors,3,3,0.501786,4.147,0.501786,4.147,0.501786,4.147
get_block_wrapper_attributes,3,0,0.486747,4.023,0.000000,0.000,0.486747,4.023
WP_Block_Supports::apply_block_supports,3,1,0.486747,4.023,0.125342,1.036,0.486747,4.023
WP_Interactivity_API::get_directive_entries,2,2,0.482334,3.986,0.482334,3.986,0.482334,3.986
wptexturize,3,2,0.480566,3.972,0.333890,2.759,0.480566,3.972
WP::init,2,0,0.466195,3.853,0.000000,0.000,0.466195,3.853
_wp_get_current_user,2,0,0.466195,3.853,0.000000,0.000,0.466195,3.853
wp_get_current_user,2,0,0.466195,3.853,0.000000,0.000,0.466195,3.853
traverse_and_serialize_blocks,2,1,0.459207,3.795,0.167841,1.387,0.459207,3.795
create_initial_post_types,2,0,0.434896,3.594,0.000000,0.000,0.434896,3.594
register_post_type,2,1,0.434896,3.594,0.232773,1.924,0.434896,3.594
WP_Theme_JSON::remove_keys_not_in_schema,2,1,0.427872,3.536,0.194682,1.609,0.427872,3.536
load_default_textdomain,2,0,0.426968,3.529,0.000000,0.000,0.426968,3.529
determine_locale,2,0,0.426968,3.529,0.000000,0.000,0.426968,3.529
wp_style_engine_get_styles,2,1,0.426965,3.529,0.233401,1.929,0.426965,3.529
preg_match,2,2,0.402798,3.329,0.402798,3.329,0.402798,3.329
WP_Block_Parser::next_token,2,1,0.402063,3.323,0.234808,1.941,0.402063,3.323
next,2,2,0.401588,3.319,0.401588,3.319,0.401588,3.319
get_post_type,2,0,0.401335,3.317,0.000000,0.000,0.401335,3.317
get_block_file_template,2,0,0.401031,3.314,0.000000,0.000,0.401031,3.314
array_keys,2,2,0.401031,3.314,0.401031,3.314,0.401031,3.314
WP_Block_Patterns_Registry::get_content,2,1,0.399998,3.306,0.234612,1.939,0.399998,3.306
file_get_contents,2,2,0.397232,3.283,0.397232,3.283,0.397232,3.283
_wp_to_kebab_case,1,0,0.391156,3.233,0.000000,0.000,0.391156,3.233
array_unique,1,0,0.391156,3.233,0.000000,0.000,0.391156,3.233
WP_HTML_Tag_Processor::base_class_next_token,1,1,0.391156,3.233,0.391156,3.233,0.391156,3.233
WP_Query::parse_query,1,1,0.389887,3.222,0.389887,3.222,0.389887,3.222
register_block_core_term_template,1,0,0.389887,3.222,0.000000,0.000,0.389887,3.222
register_block_style_handle,1,1,0.389887,3.222,0.389887,3.222,0.389887,3.222
WP_Dependencies::add,2,1,0.389870,3.222,0.193746,1.601,0.389870,3.222
wp_default_packages,2,0,0.387691,3.204,0.000000,0.000,0.387691,3.204
wp_maybe_inline_styles,2,0,0.377159,3.117,0.000000,0.000,0.377159,3.117
register_shutdown_function,2,1,0.363126,3.001,0.167309,1.383,0.363126,3.001
get_custom_logo,2,0,0.361724,2.989,0.000000,0.000,0.361724,2.989
render_block_core_site_logo,2,0,0.361724,2.989,0.000000,0.000,0.361724,2.989
has_custom_logo,2,1,0.361724,2.989,0.193564,1.600,0.361724,2.989
register_core_block_types_from_metadata,2,0,0.361460,2.987,0.000000,0.000,0.361460,2.987
WP_Style_Engine_CSS_Declarations::filter_declaration,2,0,0.349753,2.891,0.000000,0.000,0.349753,2.891
wp_enqueue_stored_styles,2,0,0.349753,2.891,0.000000,0.000,0.349753,2.891
WP_Style_Engine_CSS_Rule::get_css,2,0,0.349753,2.891,0.000000,0.000,0.349753,2.891
wp_style_engine_get_stylesheet_from_context,2,0,0.349753,2.891,0.000000,0.000,0.349753,2.891
WP_Style_Engine_Processor::get_css,2,0,0.349753,2.891,0.000000,0.000,0.349753,2.891
WP_Style_Engine::compile_stylesheet_from_css_rules,2,0,0.349753,2.891,0.000000,0.000,0.349753,2.891
WP_Style_Engine_CSS_Declarations::get_declarations_string,2,0,0.349753,2.891,0.000000,0.000,0.349753,2.891
WP_Navigation_Block_Renderer::get_nav_attributes,2,0,0.314516,2.599,0.000000,0.000,0.314516,2.599
array_merge,2,2,0.314364,2.598,0.314364,2.598,0.314364,2.598
WP_Block_List::offsetGet,2,0,0.313578,2.592,0.000000,0.000,0.313578,2.592
WP_Tax_Query::transform_query,2,0,0.313553,2.591,0.000000,0.000,0.313553,2.591
WP_Query::generate_cache_key,2,2,0.313333,2.590,0.313333,2.590,0.313333,2.590
preg_split,2,2,0.312694,2.584,0.312694,2.584,0.312694,2.584
wp_get_block_css_selector,2,2,0.293991,2.430,0.293991,2.430,0.293991,2.430
WP_Styles::add_data,2,2,0.292596,2.418,0.292596,2.418,0.292596,2.418
WP_Theme_JSON::get_block_element_selectors,2,1,0.291952,2.413,0.194086,1.604,0.291952,2.413
register_block_core_navigation_submenu,1,0,0.291366,2.408,0.000000,0.000,0.291366,2.408
_inject_theme_attribute_in_template_part_block,1,0,0.291366,2.408,0.000000,0.000,0.291366,2.408
is_file,2,2,0.290728,2.403,0.290728,2.403,0.290728,2.403
WP_Interactivity_API::parse_directive_name,1,0,0.288248,2.382,0.000000,0.000,0.288248,2.382
wp_footer,2,0,0.275870,2.280,0.000000,0.000,0.275870,2.280
wpdb::set_charset,2,0,0.264550,2.186,0.000000,0.000,0.264550,2.186
WP_Navigation_Block_Renderer::get_inner_block_markup,2,0,0.258065,2.133,0.000000,0.000,0.258065,2.133
wpdb::set_sql_mode,2,0,0.243763,2.015,0.000000,0.000,0.243763,2.015
WP_HTML_Decoder::decode_attribute,1,1,0.236336,1.953,0.236336,1.953,0.236336,1.953
_get_block_templates_paths,1,0,0.234808,1.941,0.000000,0.000,0.234808,1.941
RecursiveDirectoryIterator::__construct,1,1,0.234808,1.941,0.234808,1.941,0.234808,1.941
register_block_core_navigation_overlay_close,1,0,0.234678,1.939,0.000000,0.000,0.234678,1.939
wp_cache_add_multiple,1,0,0.234612,1.939,0.000000,0.000,0.234612,1.939
wp_get_layout_style,1,0,0.233401,1.929,0.000000,0.000,0.233401,1.929
wp_cache_get_multiple,1,1,0.233401,1.929,0.233401,1.929,0.233401,1.929
wp_is_numeric_array,1,0,0.233190,1.927,0.000000,0.000,0.233190,1.927
get_hooked_blocks,1,1,0.233190,1.927,0.233190,1.927,0.233190,1.927
WP_Theme_JSON::compute_spacing_sizes,1,1,0.232773,1.924,0.232773,1.924,0.232773,1.924
wp_set_current_user,1,0,0.231583,1.914,0.000000,0.000,0.231583,1.914
wp_register_font_collection,1,1,0.231583,1.914,0.231583,1.914,0.231583,1.914
_wp_register_default_font_collections,1,0,0.231583,1.914,0.000000,0.000,0.231583,1.914
register_block_core_pattern,1,0,0.230549,1.905,0.000000,0.000,0.230549,1.905
WP_Block_Type_Registry::register,1,1,0.230549,1.905,0.230549,1.905,0.230549,1.905
WP_Post_Type::__construct,1,1,0.202123,1.670,0.202123,1.670,0.202123,1.670
preg_replace,1,1,0.202123,1.670,0.202123,1.670,0.202123,1.670
WP_Theme_JSON::get_styles_for_block,1,1,0.195817,1.618,0.195817,1.618,0.195817,1.618
wp_fix_server_vars,1,0,0.195817,1.618,0.000000,0.000,0.195817,1.618
wp_get_custom_css,1,0,0.195114,1.613,0.000000,0.000,0.195114,1.613
translate_with_gettext_context,1,0,0.195114,1.613,0.000000,0.000,0.195114,1.613
wp_get_custom_css_post,1,1,0.195114,1.613,0.195114,1.613,0.195114,1.613
WP_Theme_JSON_Resolver::translate,1,0,0.195114,1.613,0.000000,0.000,0.195114,1.613
get_post_stati,1,0,0.195114,1.613,0.000000,0.000,0.195114,1.613
register_block_core_calendar,1,0,0.194682,1.609,0.000000,0.000,0.194682,1.609
WP_Block_Styles_Registry::get_registered_styles_for_block,1,1,0.194393,1.607,0.194393,1.607,0.194393,1.607
get_rest_url,1,1,0.194393,1.607,0.194393,1.607,0.194393,1.607
wp_default_packages_inline_scripts,1,0,0.194393,1.607,0.000000,0.000,0.194393,1.607
trim,1,1,0.194393,1.607,0.194393,1.607,0.194393,1.607
wpdb::remove_placeholder_escape,1,1,0.194195,1.605,0.194195,1.605,0.194195,1.605
WP_HTML_Tag_Processor::get_attribute_names_with_prefix,1,0,0.194086,1.604,0.000000,0.000,0.194086,1.604
WP_Theme_JSON_Schema::migrate,1,1,0.194086,1.604,0.194086,1.604,0.194086,1.604
render_block_core_post_title,1,0,0.193564,1.600,0.000000,0.000,0.193564,1.600
WP_Style_Engine::compile_css,1,1,0.193564,1.600,0.193564,1.600,0.193564,1.600
wp_apply_border_support,1,0,0.193564,1.600,0.000000,0.000,0.193564,1.600
wp_default_packages_scripts,1,1,0.193298,1.598,0.193298,1.598,0.193298,1.598
wp_set_wpdb_vars,1,1,0.193298,1.598,0.193298,1.598,0.193298,1.598
wp_enqueue_style,1,0,0.193298,1.598,0.000000,0.000,0.193298,1.598
render_block_core_query_pagination_next,1,1,0.193298,1.598,0.193298,1.598,0.193298,1.598
wp_json_encode,1,0,0.168160,1.390,0.000000,0.000,0.168160,1.390
json_encode,1,1,0.168160,1.390,0.168160,1.390,0.168160,1.390
_override_custom_logo_theme_mod,1,0,0.168160,1.390,0.000000,0.000,0.168160,1.390
get_theme_mod,1,0,0.168160,1.390,0.000000,0.000,0.168160,1.390
WP_Hook::add_filter,1,0,0.167841,1.387,0.000000,0.000,0.167841,1.387
add_action,1,0,0.167841,1.387,0.000000,0.000,0.167841,1.387
wp_apply_typography_support,1,1,0.167841,1.387,0.167841,1.387,0.167841,1.387
add_filter,1,0,0.167841,1.387,0.000000,0.000,0.167841,1.387
wp_default_scripts,1,1,0.167754,1.386,0.167754,1.386,0.167754,1.386
file_exists,1,1,0.167754,1.386,0.167754,1.386,0.167754,1.386
WP_Theme_JSON::get_block_style_variation_selector,1,1,0.167309,1.383,0.167309,1.383,0.167309,1.383
is_admin,1,0,0.167265,1.382,0.000000,0.000,0.167265,1.382
serialize,1,1,0.167265,1.382,0.167265,1.382,0.167265,1.382
WP_Theme_JSON::compute_theme_vars,1,1,0.167255,1.382,0.167255,1.382,0.167255,1.382
register_block_pattern,1,1,0.167255,1.382,0.167255,1.382,0.167255,1.382
WP_Theme_JSON::get_styles_block_nodes,1,0,0.166955,1.380,0.000000,0.000,0.166955,1.380
wp_render_block_style_variation_class_name,1,0,0.166936,1.380,0.000000,0.000,0.166936,1.380
WP_Theme_JSON::is_safe_css_declaration,1,0,0.166936,1.380,0.000000,0.000,0.166936,1.380
wp_dequeue_style,1,0,0.166936,1.380,0.000000,0.000,0.166936,1.380
WP_Theme_JSON::get_root_layout_rules,1,0,0.166936,1.380,0.000000,0.000,0.166936,1.380
WP_Theme_JSON::get_layout_styles,1,0,0.166936,1.380,0.000000,0.000,0.166936,1.380
__,1,0,0.166911,1.379,0.000000,0.000,0.166911,1.379
WP_Tax_Query::get_sql_for_query,1,0,0.166911,1.379,0.000000,0.000,0.166911,1.379
WP_Tax_Query::get_sql,1,0,0.166911,1.379,0.000000,0.000,0.166911,1.379
WP_Tax_Query::get_sql_clauses,1,0,0.166911,1.379,0.000000,0.000,0.166911,1.379
WP_Tax_Query::clean_query,1,0,0.166911,1.379,0.000000,0.000,0.166911,1.379
wp_get_typography_font_size_value,1,1,0.166911,1.379,0.166911,1.379,0.166911,1.379
translate,1,1,0.166911,1.379,0.166911,1.379,0.166911,1.379
WP_Tax_Query::get_sql_for_clause,1,0,0.166911,1.379,0.000000,0.000,0.166911,1.379
array_map,1,0,0.166723,1.378,0.000000,0.000,0.166723,1.378
WP_Block_Styles_Registry::get_all_registered,1,1,0.166723,1.378,0.166723,1.378,0.166723,1.378
wp_styles,1,0,0.166683,1.378,0.000000,0.000,0.166683,1.378
wp_default_styles,1,0,0.166683,1.378,0.000000,0.000,0.166683,1.378
render_block_core_site_title,1,0,0.166683,1.378,0.000000,0.000,0.166683,1.378
get_bloginfo,1,1,0.166683,1.378,0.166683,1.378,0.166683,1.378
WP_Theme_JSON::scope_selector,1,1,0.166683,1.378,0.166683,1.378,0.166683,1.378
wp_get_view_transitions_admin_css,1,0,0.166683,1.378,0.000000,0.000,0.166683,1.378
WP_Styles::__construct,1,0,0.166683,1.378,0.000000,0.000,0.166683,1.378
wpdb::prepare,1,1,0.166243,1.374,0.166243,1.374,0.166243,1.374
str_contains,1,0,0.166019,1.372,0.000000,0.000,0.166019,1.372
WP_HTML_Tag_Processor::get_updated_html,1,1,0.166019,1.372,0.166019,1.372,0.166019,1.372
register_block_core_post_time_to_read,1,0,0.166019,1.372,0.000000,0.000,0.166019,1.372
WP_Query::{closure},1,1,0.165386,1.367,0.165386,1.367,0.165386,1.367
wp_using_ext_object_cache,1,0,0.165386,1.367,0.000000,0.000,0.165386,1.367
register_block_core_term_name,1,0,0.147630,1.220,0.000000,0.000,0.147630,1.220
is_rtl,1,0,0.147630,1.220,0.000000,0.000,0.147630,1.220
compact,1,1,0.146675,1.212,0.146675,1.212,0.146675,1.212
implode,1,0,0.146642,1.212,0.000000,0.000,0.146642,1.212
WP_Script_Modules::print_script_module_translations,1,0,0.146642,1.212,0.000000,0.000,0.146642,1.212
WP_Script_Modules::print_import_map,1,0,0.146642,1.212,0.000000,0.000,0.146642,1.212
load_script_module_textdomain,1,0,0.146642,1.212,0.000000,0.000,0.146642,1.212
strtoupper,1,0,0.146642,1.212,0.000000,0.000,0.146642,1.212
WP_Textdomain_Registry::get,1,0,0.146642,1.212,0.000000,0.000,0.146642,1.212
wp_print_inline_script_tag,1,0,0.146642,1.212,0.000000,0.000,0.146642,1.212
wp_get_inline_script_tag,1,0,0.146642,1.212,0.000000,0.000,0.146642,1.212
_load_script_textdomain_from_src,1,0,0.146642,1.212,0.000000,0.000,0.146642,1.212
WP_Dependencies::get_data,1,1,0.146610,1.212,0.146610,1.212,0.146610,1.212
WP_HTML_Tag_Processor::skip_rawtext,1,1,0.145896,1.206,0.145896,1.206,0.145896,1.206
WP_HTML_Tag_Processor::apply_attributes_updates,1,0,0.145896,1.206,0.000000,0.000,0.145896,1.206
WP_Styles::print_inline_style,1,0,0.145896,1.206,0.000000,0.000,0.145896,1.206
WP_Navigation_Block_Renderer::get_inner_blocks_html,1,0,0.132723,1.097,0.000000,0.000,0.132723,1.097
WP_Navigation_Block_Renderer::get_markup_for_inner_block,1,0,0.132723,1.097,0.000000,0.000,0.132723,1.097
render_block_core_navigation_link,1,1,0.132723,1.097,0.132723,1.097,0.132723,1.097
WP_Script_Modules::print_script_module,1,0,0.129227,1.068,0.000000,0.000,0.129227,1.068
WP_HTML_Tag_Processor::set_attribute,1,0,0.129227,1.068,0.000000,0.000,0.129227,1.068
wp_print_script_tag,1,0,0.129227,1.068,0.000000,0.000,0.129227,1.068
wp_get_script_tag,1,0,0.129227,1.068,0.000000,0.000,0.129227,1.068
WP_Script_Modules::print_enqueued_script_modules,1,0,0.129227,1.068,0.000000,0.000,0.129227,1.068
wp_register_alignment_support,1,1,0.097867,0.809,0.097867,0.809,0.097867,0.809
WP_Block_Supports::register_attributes,1,0,0.097867,0.809,0.000000,0.000,0.097867,0.809
WP_Block_Supports::init,1,0,0.097867,0.809,0.000000,0.000,0.097867,0.809
mysqli_set_charset,1,1,0.097867,0.809,0.097867,0.809,0.097867,0.809
