function,self_samples,inclusive_samples,self_energy_j,self_energy_percent_of_php,inclusive_energy_j,inclusive_energy_percent_of_php,self_time_s,avg_self_time_ms,inclusive_time_s,avg_inclusive_time_ms
<main>,9,301,0.5534644094981531,2.61665572417949,19.868082022208878,93.93184034908383,1.7161733400254022,14.183250744011588,57.04717315321873,471.464240935692
get_the_block_template_html,0,163,0.0,0.0,10.781665920660894,50.97330083621646,0.0,0.0,30.85077716310817,254.96510052155514
do_blocks,1,158,0.04475175677957256,0.2115762794043717,10.503030581259504,49.65597537988867,0.12922713491651747,1.0679928505497311,30.007711249873733,247.9976136353201
WP_Block::render,6,158,0.4092177601251429,1.9346898844648068,10.503030581259504,49.65597537988867,1.1149628928729467,9.214569362586337,30.007711249873733,247.9976136353201
render_block,1,158,0.05089452329548768,0.24061790320226295,10.503030581259504,49.65597537988867,0.16538633619035994,1.3668292247137186,30.007711249873733,247.9976136353201
WP_Hook::apply_filters,12,156,0.8548868729753063,4.041713597672994,10.45426168661707,49.42540697271008,2.523315638209146,20.853848249662366,29.959342996184763,247.59787600152697
render_block_core_pattern,1,102,0.07089969813863038,0.33519788769301917,6.68435302175195,31.602123454809206,0.19468208154042563,1.6089428226481457,19.290760711261218,159.4277744732332
apply_filters,13,98,1.0185598649074743,4.815522832527362,6.758990680007308,31.95499358044261,2.826485369602839,23.359383219858174,19.210807980904505,158.7670081066488
WP_Theme_JSON_Resolver::get_merged_data,2,76,0.10128481278225439,0.47885190193068466,5.006056252893803,23.66751235472677,0.2996777466365269,2.476675592037412,14.206516058388216,117.4092236230431
WP_Hook::do_action,0,62,0.0,0.0,4.224789284448916,19.973857171103823,0.0,0.0,12.081674083736209,99.84854614658023
render_block_core_template_part,0,64,0.0,0.0,4.247411587488032,20.080810351336492,0.0,0.0,11.983961596280812,99.0410049279406
do_action,1,60,0.0636721840538764,0.30102782042779513,4.100646615491004,19.38693844648667,0.16624304226466588,1.3739094402038503,11.692472124762006,96.63200103109097
wp_render_block_style_variation_support_styles,0,52,0.0,0.0,3.3907615327069034,16.030760825127178,0.0,0.0,9.678425709311927,79.98698933315643
wpdb::query,2,52,0.18013781472876644,0.8516512280863907,3.270153984209555,15.460555358002384,0.4688885688781738,3.8751121394890395,9.3416653564052,77.20384592070413
mysqli_query,53,53,3.2245145535115474,15.244782355195358,3.2245145535115474,15.244782355195358,9.28322245781384,76.72084675879206,9.28322245781384,76.72084675879206
wpdb::_do_query,0,50,0.0,0.0,3.0900161694807884,14.608904129915995,0.0,0.0,8.872776787527025,73.32873378121509
WP_Query::query,1,45,0.041545111986154314,0.19641598127117038,2.7734236305371516,13.112125538478578,0.13272309303283691,1.096885066387082,7.978371042013168,65.9369507604394
WP_Query::get_posts,2,44,0.10668776890035137,0.5043958679225146,2.7318785185509973,12.91570955720741,0.34249255061149597,2.830516947202446,7.845647948980331,64.84006569405231
WP_Theme_JSON::merge,13,42,0.8254268798127552,3.902433350523994,2.7576902532279552,13.037741655630333,2.252250731275195,18.61364240723302,7.709476479840657,63.714681651575674
WP_Theme_JSON::__construct,4,39,0.24969378706148465,1.1804962812313746,2.556599271111194,12.087028546699242,0.7669834593931835,6.3387062759767225,7.240331472290886,59.83745018422219
wpdb::get_results,0,32,0.0,0.0,2.0629272722559935,9.753057943525524,0.0,0.0,5.948606530636076,49.162037443273356
WP_Theme_JSON_Resolver::get_theme_data,2,30,0.17554189578044074,0.8299227530162308,2.040500463877747,9.647029018248785,0.5559053875151134,4.594259400951351,5.8519973711361954,48.36361463748922
locate_block_template,0,27,0.0,0.0,1.849444729730771,8.743760313317418,0.0,0.0,5.252316442273912,43.40757390309018
get_query_template,0,27,0.0,0.0,1.849444729730771,8.743760313317418,0.0,0.0,5.252316442273912,43.40757390309018
resolve_block_template,0,27,0.0,0.0,1.849444729730771,8.743760313317418,0.0,0.0,5.252316442273912,43.40757390309018
get_block_templates,1,27,0.10880608070693523,0.5144107715354146,1.849444729730771,8.743760313317418,0.28824812173843384,2.382215882135817,5.252316442273912,43.40757390309018
wp_head,0,25,0.0,0.0,1.6570136319338344,7.83398919719983,0.0,0.0,4.672622142140828,38.616711918519236
WP_Theme_JSON::sanitize,18,23,1.1460551703743742,5.4182920713994225,1.5970445046173947,7.550468599355254,3.1761789421240483,26.249412744826845,4.388347064597266,36.267331112374094
get_home_template,0,20,0.0,0.0,1.374000614427193,6.495967059610991,0.0,0.0,3.885349285886401,32.11032467674711
WP_Theme_JSON_Data::__construct,0,18,0.0,0.0,1.2926574431967774,6.111394771004438,0.0,0.0,3.573247349829901,29.53096983330497
_get_block_templates_files,1,18,0.08074740569056035,0.3817556426156311,1.2479045329999536,5.899813038501725,0.2315833568572998,1.9139120401429737,3.52758450735183,29.153590969849834
wp_render_layout_support_flag,4,18,0.2357503953515137,1.1145750492492592,1.1707472840600703,5.535030852627203,0.6460593172482082,5.339333200398415,3.344398895804843,27.639660295907795
render_block_core_post_template,0,18,0.0,0.0,1.1594456722201663,5.481599363978902,0.0,0.0,3.3391142848938222,27.59598582556878
wp_get_theme_data_custom_templates,0,16,0.0,0.0,1.0765012561603033,5.089456748578281,0.0,0.0,3.061193230038597,25.29911760362477
_add_block_template_info,0,16,0.0,0.0,1.0765012561603033,5.089456748578281,0.0,0.0,3.061193230038597,25.29911760362477
wp_enqueue_scripts,0,16,0.0,0.0,1.0755185000366052,5.084810497812349,0.0,0.0,3.020253648549791,24.960773954956952
WP::main,0,16,0.0,0.0,1.0139085387731879,4.793532404695983,0.0,0.0,2.885162667054978,23.844319562437835
wp,0,16,0.0,0.0,1.0139085387731879,4.793532404695983,0.0,0.0,2.885162667054978,23.844319562437835
WP::query_posts,0,16,0.0,0.0,1.0139085387731879,4.793532404695983,0.0,0.0,2.885162667054978,23.844319562437835
{closure},2,14,0.1577796894241774,0.7459470209934314,0.9937671073459164,4.69830822960381,0.484882652759552,4.007294650905388,2.862294770706267,23.65532868352287
register_core_block_style_handles,0,14,0.0,0.0,0.9995438354668388,4.725619305881228,0.0,0.0,2.8612238285087397,23.646477921559832
WP_Query::__construct,0,18,0.0,0.0,0.9540268227070194,4.510425067658165,0.0,0.0,2.8410780850857016,23.479984174261997
wp_enqueue_global_styles,0,14,0.0,0.0,0.9477549494095519,4.480773055923521,0.0,0.0,2.670500616421775,22.070253028279133
wpdb::get_col,0,16,0.0,0.0,0.8805537548082882,4.163060864303938,0.0,0.0,2.5633704038839484,21.184879370941722
_prime_post_caches,0,13,0.0,0.0,0.8292492458710757,3.9205046408450523,0.0,0.0,2.356668949884082,19.476602891603985
WP_Duotone::get_all_global_style_block_names,1,12,0.06441243808085068,0.3045275756131114,0.8063849219567367,3.812407240139201,0.16693575041634695,1.379634300961545,2.292620842229752,18.947279687849193
WP_Duotone::render_duotone_support,0,11,0.0,0.0,0.7419724838758861,3.5078796645260892,0.0,0.0,2.1256850918134056,17.56764538688765
register_block_type_from_metadata,5,9,0.3902207294215295,1.844876179590638,0.7018928701469656,3.318392230669636,1.0809392707688468,8.93338240304832,2.0162705628644852,16.66339308152467
wp_get_global_settings,1,9,0.14495664097263097,0.6853225209237807,0.7140690309424211,3.3759583908367325,0.3911564350128174,3.2326978100232844,1.9812916848394606,16.37431144495422
render_block_core_navigation,0,11,0.0,0.0,0.6250445039615664,2.9550703732530073,0.0,0.0,1.7476226082869941,14.443162051958629
WP_Navigation_Block_Renderer::render,0,11,0.0,0.0,0.6250445039615664,2.9550703732530073,0.0,0.0,1.7476226082869941,14.443162051958629
WP_Theme_JSON::get_blocks_metadata,1,9,0.1019105362646708,0.4818101823619467,0.5593075768300244,2.644280910160542,0.2913660407066345,2.407983807492847,1.6429304139954706,13.57793730574769
require_wp_db,0,11,0.0,0.0,0.5808754201508374,2.74624884109721,0.0,0.0,1.6407580344449908,13.559983755743726
wpdb::__construct,0,11,0.0,0.0,0.5808754201508374,2.74624884109721,0.0,0.0,1.6407580344449908,13.559983755743726
wpdb::db_connect,0,11,0.0,0.0,0.5808754201508374,2.74624884109721,0.0,0.0,1.6407580344449908,13.559983755743726
_wp_array_get,9,9,0.5458590506335882,2.5806992914515976,0.5458590506335882,2.5806992914515976,1.6110863874829005,13.314763532916533,1.6110863874829005,13.314763532916533
WP_Term_Query::get_terms,0,9,0.0,0.0,0.5493766839681773,2.5973298737303443,0.0,0.0,1.604190726223446,13.257774596887984
WP_Term_Query::query,0,9,0.0,0.0,0.5493766839681773,2.5973298737303443,0.0,0.0,1.604190726223446,13.257774596887984
update_object_term_cache,0,8,0.0,0.0,0.5243610933596276,2.479061766086449,0.0,0.0,1.5252496304966157,12.605368847079468
WP_Theme_JSON::get_stylesheet,0,7,0.0,0.0,0.4958463329858761,2.344250367783101,0.0,0.0,1.4910938944135392,12.32309003647553
wp_get_global_stylesheet,0,7,0.0,0.0,0.49176425416129904,2.324951213691934,0.0,0.0,1.4568305140449884,12.039921603677591
_register_theme_block_patterns,0,7,0.0,0.0,0.4665737967773345,2.2058563751128504,0.0,0.0,1.370793005966005,11.328867817900868
get_front_page_template,0,7,0.0,0.0,0.47544411530357783,2.247793253706428,0.0,0.0,1.3669671563875108,11.297249226343064
wp_get_object_terms,0,7,0.0,0.0,0.4462938828344047,2.1099774857137086,0.0,0.0,1.2906377377964204,10.666427585094384
get_terms,0,7,0.0,0.0,0.4462938828344047,2.1099774857137086,0.0,0.0,1.2906377377964204,10.666427585094384
WP_Theme_JSON::get_block_nodes,7,7,0.4615254911922986,2.181989117381736,0.4615254911922986,2.181989117381736,1.2886424617161827,10.64993770013374,1.2886424617161827,10.64993770013374
WP_Theme_JSON_Resolver::get_user_data,0,6,0.0,0.0,0.4063871936118454,1.9213076001795237,0.0,0.0,1.211783501363936,10.014739680693685
WP_Theme::get_block_patterns,0,6,0.0,0.0,0.41484340398888075,1.9612866682247463,0.0,0.0,1.203538421789805,9.94659852718847
wp_prime_site_option_caches,0,6,0.0,0.0,0.41484340398888075,1.9612866682247463,0.0,0.0,1.203538421789805,9.94659852718847
wp_prime_option_caches,0,6,0.0,0.0,0.41484340398888075,1.9612866682247463,0.0,0.0,1.203538421789805,9.94659852718847
wp_prime_network_option_caches,0,6,0.0,0.0,0.41484340398888075,1.9612866682247463,0.0,0.0,1.203538421789805,9.94659852718847
WP_Theme::get_pattern_cache,0,6,0.0,0.0,0.41484340398888075,1.9612866682247463,0.0,0.0,1.203538421789805,9.94659852718847
get_site_transient,0,6,0.0,0.0,0.41484340398888075,1.9612866682247463,0.0,0.0,1.203538421789805,9.94659852718847
WP_Theme_JSON::get_default_slugs,4,6,0.3025716346058301,1.4304908971176262,0.41842761993538347,1.9782320381747593,0.8514251226470584,7.036571261545937,1.186495834872836,9.805750701428396
mysqli_real_connect,7,7,0.4144515863120854,1.959434242035769,0.4144515863120854,1.959434242035769,1.1324457892349789,9.35905610937999,1.1324457892349789,9.35905610937999
wp_print_styles,0,6,0.0,0.0,0.40359596386337704,1.9081112913049347,0.0,0.0,1.1285671966416495,9.3270016251376
update_post_author_caches,0,6,0.0,0.0,0.379516896168509,1.794270854168584,0.0,0.0,1.074280280631686,8.878349426708148
WP_Query::the_post,0,6,0.0,0.0,0.379516896168509,1.794270854168584,0.0,0.0,1.074280280631686,8.878349426708148
cache_users,0,6,0.0,0.0,0.379516896168509,1.794270854168584,0.0,0.0,1.074280280631686,8.878349426708148
WP_Theme_JSON_Resolver::get_user_data_from_wp_global_styles,0,5,0.0,0.0,0.3516096910131681,1.6623318408148846,0.0,0.0,1.0658873646032243,8.808986484324167
in_array,3,4,0.32781721312432993,1.5498463360708798,0.39790621510503044,1.881211433966013,0.8510032778694515,7.0330849410698475,1.053125886690049,8.703519724711148
wp_add_global_styles_for_blocks,0,6,0.0,0.0,0.3799353061326307,1.7962490027340274,0.0,0.0,1.0185564434717571,8.417821846874027
get_option,0,5,0.0,0.0,0.38009112485711827,1.7969856787521556,0.0,0.0,0.9957429023016067,8.229280184310799
apply_block_hooks_to_content,1,5,0.058765775345993046,0.2778314193398045,0.3373628063436624,1.5949757621178107,0.1667231491633824,1.3778772658130778,0.9838751537459236,8.131199617734906
WP_Theme_JSON_Resolver::get_core_data,1,4,0.051730392788453775,0.24456970688810417,0.3700982127405133,1.7497414291809026,0.1672545841761998,1.3822692907123948,0.9821656158992222,8.117071205778696
update_meta_cache,0,5,0.0,0.0,0.31691355402516747,1.4982962788193297,0.0,0.0,0.9082615902499548,7.506294134297147
json_decode,5,5,0.30329762711532493,1.4339232270435986,0.30329762711532493,1.4339232270435986,0.9018608229500907,7.453395230992485,0.9018608229500907,7.453395230992485
WP_Styles::do_item,3,5,0.19555924797226826,0.9245603092832289,0.3129400927142871,1.4795106439971222,0.5818444490432739,4.808631810274991,0.8937592761857169,7.386440299055511
WP_Dependencies::do_items,0,5,0.0,0.0,0.3129400927142871,1.4795106439971222,0.0,0.0,0.8937592761857169,7.386440299055511
array_replace_recursive,1,5,0.06566593137649808,0.3104538110692457,0.30375803995036904,1.4360999557720027,0.16784109388078963,1.3871164783536332,0.8890739584726001,7.347718665062811
WP_Block_Patterns_Registry::get_registered,0,5,0.0,0.0,0.26903150649921553,1.2719206861090009,0.0,0.0,0.8593174730028426,7.101797297544153
WP_Block_Parser::parse,0,4,0.0,0.0,0.28584191218836896,1.3513965178290341,0.0,0.0,0.8261516383716038,6.827699490674411
WP_Block_Parser::proceed,2,4,0.14345564825082513,0.6782261636331172,0.28584191218836896,1.3513965178290341,0.42408913373947144,3.5048688738799294,0.8261516383716038,6.827699490674411
array_intersect,3,3,0.30199675247353314,1.4277729831987036,0.30199675247353314,1.4277729831987036,0.8126866817474365,6.716418857416831,0.8126866817474365,6.716418857416831
WP_Navigation_Block_Renderer::has_submenus,0,4,0.0,0.0,0.29909372516860877,1.4140481205254787,0.0,0.0,0.7856283843517304,6.492796564890335
WP_Navigation_Block_Renderer::is_interactive,0,4,0.0,0.0,0.29909372516860877,1.4140481205254787,0.0,0.0,0.7856283843517304,6.492796564890335
get_pages,0,4,0.0,0.0,0.29909372516860877,1.4140481205254787,0.0,0.0,0.7856283843517304,6.492796564890335
is_blog_installed,0,4,0.0,0.0,0.2298054027337599,1.0864684561305515,0.0,0.0,0.7631793703351701,6.3072675234311575
wp_not_installed,0,4,0.0,0.0,0.2298054027337599,1.0864684561305515,0.0,0.0,0.7631793703351701,6.3072675234311575
wp_load_alloptions,0,4,0.0,0.0,0.2298054027337599,1.0864684561305515,0.0,0.0,0.7631793703351701,6.3072675234311575
_prime_term_caches,1,4,0.05973970079610008,0.2824359206595143,0.24438094973465194,1.1553783766934902,0.16695465360369002,1.379790525650331,0.7590404692150298,6.273061729049832
WP_Theme_JSON_Resolver::read_json_file,0,4,0.0,0.0,0.25156723432687117,1.1893535201554946,0.0,0.0,0.7346062387738909,6.07112594028009
wp_json_file_decode,0,4,0.0,0.0,0.25156723432687117,1.1893535201554946,0.0,0.0,0.7346062387738909,6.07112594028009
wp_get_global_styles,0,4,0.0,0.0,0.24818462008951278,1.17336127791737,0.0,0.0,0.7281605538867769,6.01785581724609
_wp_array_set,3,3,0.2827404029156378,1.3367332768819846,0.2827404029156378,1.3367332768819846,0.7274448970953623,6.01194129830878,0.7274448970953623,6.01194129830878
WP_Theme_JSON::get_css_variables,0,3,0.0,0.0,0.24524415006083009,1.1594593944352733,0.0,0.0,0.7253215312957764,5.994392820626251
wp_scripts,0,4,0.0,0.0,0.23637196931153215,1.1175137116683258,0.0,0.0,0.7223555133456275,5.969880275583699
do_action_ref_array,0,4,0.0,0.0,0.2356102846358751,1.1139126371775832,0.0,0.0,0.7221279598417736,5.967999668113832
wp_interactivity_process_directives,0,3,0.0,0.0,0.2698872846303509,1.2759666133755678,0.0,0.0,0.7186701416969299,5.939422658652313
WP_Interactivity_API::process_directives,0,3,0.0,0.0,0.2698872846303509,1.2759666133755678,0.0,0.0,0.7186701416969299,5.939422658652313
WP_Interactivity_API::_process_directives,0,3,0.0,0.0,0.2698872846303509,1.2759666133755678,0.0,0.0,0.7186701416969299,5.939422658652313
wp_normalize_path,3,4,0.1755111267689824,0.8297772840238652,0.24382231119082348,1.1527372588214637,0.5285580158233643,4.368248064655903,0.6958230904170445,5.750604053033425
substr,4,4,0.25358358870369363,1.1988863918840866,0.25358358870369363,1.1988863918840866,0.6576299738316309,5.434958461418438,0.6576299738316309,5.434958461418438
WP_Navigation_Block_Renderer::handle_view_script_module_loading,0,3,0.0,0.0,0.24423643368131806,1.1546951371722085,0.0,0.0,0.6389530658721925,5.280603850183409
get_locale,1,3,0.05215339840242465,0.2465695826563773,0.21016080135456794,0.9935931821907221,0.1935641368230184,1.59970361010759,0.6205322980880738,5.128366099901435
WP_Theme_JSON::get_block_classes,0,3,0.0,0.0,0.18618974484419537,0.880263397734716,0.0,0.0,0.598836612701416,4.949062914887736
parse_blocks,1,3,0.07697222645581722,0.3639074410242203,0.21935849039336106,1.037077795220137,0.19612475236256918,1.620865722004704,0.5981872569947015,4.943696338799187
wpdb::get_row,0,3,0.0,0.0,0.22530627198195133,1.0651975739680895,0.0,0.0,0.5951283613840739,4.918416209785735
WP_Embed::autoembed,0,1,0.0,0.0,0.23147932523548603,1.0943823866756903,0.0,0.0,0.5862009525299072,4.844635971321547
wp_replace_in_html_tags,1,1,0.23147932523548603,1.0943823866756903,0.23147932523548603,1.0943823866756903,0.5862009525299072,4.844635971321547,0.5862009525299072,4.844635971321547
WP_Theme_JSON::get_valid_block_style_variations,4,4,0.19280476415285794,0.9115377269282855,0.19280476415285794,0.9115377269282855,0.5751009488862658,4.7529004040187255,0.5751009488862658,4.7529004040187255
md5,2,3,0.15432805520296644,0.7296284677356079,0.20522257849845413,0.9702463709378708,0.4010509627205985,3.314470766285938,0.5664372989109584,4.681299990999657
WP_Theme_JSON::get_settings_values_by_slug,0,2,0.0,0.0,0.19351375727237632,0.9148896875471695,0.0,0.0,0.5580669471195766,4.612123529913856
WP_Theme_JSON::compute_preset_vars,0,2,0.0,0.0,0.19351375727237632,0.9148896875471695,0.0,0.0,0.5580669471195766,4.612123529913856
WP_Scripts::__construct,0,3,0.0,0.0,0.18781485301178683,0.8879465450449374,0.0,0.0,0.5554450012388683,4.590454555693126
WP_Scripts::init,0,3,0.0,0.0,0.18781485301178683,0.8879465450449374,0.0,0.0,0.5554450012388683,4.590454555693126
WP_Theme_JSON_Resolver::get_block_data,1,3,0.09065587114909004,0.42860064730781267,0.1939904900475127,0.9171435732958404,0.23480792045593263,1.940561326082088,0.5476145693234035,4.525740242342177
array_pop,2,3,0.11769987864925384,0.556458655547623,0.1821123167301045,0.8609862311607344,0.38004377484321594,3.140857643332363,0.5469795252595628,4.520491944293908
WP_Navigation_Fallback::get_most_recently_published_navigation,0,4,0.0,0.0,0.18916613088624698,0.8943350840810234,0.0,0.0,0.5360885262489319,4.430483688007702
WP_Navigation_Block_Renderer::get_inner_blocks_from_fallback,0,4,0.0,0.0,0.18916613088624698,0.8943350840810234,0.0,0.0,0.5360885262489319,4.430483688007702
block_core_navigation_get_fallback_blocks,0,4,0.0,0.0,0.18916613088624698,0.8943350840810234,0.0,0.0,0.5360885262489319,4.430483688007702
WP_Navigation_Block_Renderer::get_inner_blocks,0,4,0.0,0.0,0.18916613088624698,0.8943350840810234,0.0,0.0,0.5360885262489319,4.430483688007702
WP_Navigation_Fallback::get_fallback,0,4,0.0,0.0,0.18916613088624698,0.8943350840810234,0.0,0.0,0.5360885262489319,4.430483688007702
convert_smilies,2,3,0.12014166183490176,0.5680028593668429,0.16793709345899005,0.7939689514994887,0.36308230672563824,3.0006802208730434,0.5297652653285435,4.378225333293748
WP_HTML_Tag_Processor::next_tag,2,3,0.10905136966805458,0.5155704427864947,0.19561520547510097,0.9248248638193205,0.29328495264053345,2.4238425838060613,0.5296213746070861,4.3770361537775715
_build_block_template_result_from_file,0,2,0.0,0.0,0.19729303366515727,0.932757259583813,0.0,0.0,0.5245559096336365,4.335172806889558
safecss_filter_attr,2,3,0.12208698672720385,0.5771999196068078,0.19217598870790437,0.9085650175019411,0.3145661737237658,2.599720443998064,0.5166887825443631,4.270155227639364
translate_settings_using_i18n_schema,2,3,0.12598573306819427,0.5956323187912951,0.20204112218381634,0.9552051582888544,0.31489549790109905,2.602442131414042,0.5100091568061283,4.214951709141557
WP_Theme_JSON::get_block_selectors,3,3,0.14977142867677484,0.7080857584338146,0.14977142867677484,0.7080857584338146,0.5017857892172677,4.146989993531138,0.5017857892172677,4.146989993531138
get_block_wrapper_attributes,0,3,0.0,0.0,0.147392934322981,0.6968407700317122,0.0,0.0,0.4867467414765131,4.0227003427811
WP_Block_Supports::apply_block_supports,1,3,0.029573604544058288,0.13981737630608915,0.147392934322981,0.6968407700317122,0.12534151077270508,1.0358802543198766,0.4867467414765131,4.0227003427811
WP_Interactivity_API::get_directive_entries,2,2,0.1833234488233045,0.8667121923427422,0.1833234488233045,0.8667121923427422,0.4823337197303772,3.986229088680803,0.4823337197303772,3.986229088680803
wptexturize,2,3,0.12415213887695074,0.5869634962726257,0.17900943036424144,0.8463164796258958,0.333890404020037,2.759424826611876,0.4805657224995749,3.9716175413188006
WP::init,0,2,0.0,0.0,0.1588146162157831,0.7508399229883713,0.0,0.0,0.46619524955749514,3.852853302128059
_wp_get_current_user,0,2,0.0,0.0,0.1588146162157831,0.7508399229883713,0.0,0.0,0.46619524955749514,3.852853302128059
wp_get_current_user,0,2,0.0,0.0,0.1588146162157831,0.7508399229883713,0.0,0.0,0.46619524955749514,3.852853302128059
traverse_and_serialize_blocks,1,2,0.06566593137649808,0.3104538110692457,0.16757646764116885,0.7922639934311924,0.16784109388078963,1.3871164783536332,0.4592071345874241,3.7951002858464804
create_initial_post_types,0,2,0.0,0.0,0.15920792347936943,0.7526993916099539,0.0,0.0,0.4348960558573405,3.594182279812731
register_post_type,1,2,0.08911892149866892,0.4213342937148207,0.15920792347936943,0.7526993916099539,0.23277344703674316,1.9237474961714311,0.4348960558573405,3.594182279812731
WP_Theme_JSON::remove_keys_not_in_schema,1,2,0.07089969813863038,0.33519788769301917,0.16628219553911686,0.7861449649148854,0.19468208154042563,1.6089428226481457,0.42787195046742754,3.536131822044856
load_default_textdomain,0,2,0.0,0.0,0.15800740295214327,0.7470235995343448,0.0,0.0,0.4269681612650553,3.5286624897938457
determine_locale,0,2,0.0,0.0,0.15800740295214327,0.7470235995343448,0.0,0.0,0.4269681612650553,3.5286624897938457
wp_style_engine_get_styles,1,2,0.06317419381522656,0.29867343415437575,0.1153275922176512,0.545243016810753,0.23340129852294922,1.9289363514293325,0.42696543534596765,3.5286399615369226
preg_match,2,2,0.13881432485418582,0.6562830265042159,0.13881432485418582,0.6562830265042159,0.40279808044433596,3.3289097557383136,0.40279808044433596,3.3289097557383136
WP_Block_Parser::next_token,1,2,0.09065587114909004,0.42860064730781267,0.1423862639375438,0.6731703541959169,0.23480792045593263,1.940561326082088,0.40206250463213244,3.3228306167944828
next,2,2,0.13447578772115784,0.6357713949902822,0.13447578772115784,0.6357713949902822,0.40158825601850234,3.3189112067644824,0.40158825601850234,3.3189112067644824
get_post_type,0,2,0.0,0.0,0.1368329858712158,0.6469156997125448,0.0,0.0,0.4013350418635777,3.316818527798163
get_block_file_template,0,2,0.0,0.0,0.16104842877698453,0.7614008882911119,0.0,0.0,0.4010309628077916,3.314305477750344
array_keys,2,2,0.16104842877698453,0.7614008882911119,0.16104842877698453,0.7614008882911119,0.4010309628077916,3.314305477750344,0.4010309628077916,3.314305477750344
WP_Block_Patterns_Registry::get_content,1,2,0.07806721052522278,0.36908428037274027,0.12896173382071044,0.6097021835750032,0.2346118927001953,1.9389412619850852,0.39999822889055525,3.305770486698804
file_get_contents,2,2,0.12054328564423084,0.5699016467533717,0.12054328564423084,0.5699016467533717,0.3972320556640625,3.2829095509426653,0.3972320556640625,3.2829095509426653
_wp_to_kebab_case,0,1,0.0,0.0,0.14495664097263097,0.6853225209237807,0.0,0.0,0.3911564350128174,3.2326978100232844
array_unique,0,1,0.0,0.0,0.14495664097263097,0.6853225209237807,0.0,0.0,0.3911564350128174,3.2326978100232844
WP_HTML_Tag_Processor::base_class_next_token,1,1,0.14495664097263097,0.6853225209237807,0.14495664097263097,0.6853225209237807,0.3911564350128174,3.2326978100232844,0.3911564350128174,3.2326978100232844
WP_Query::parse_query,1,1,0.11293855363709926,0.5339481776669766,0.11293855363709926,0.5339481776669766,0.38988669713338214,3.2222041085403483,0.38988669713338214,3.2222041085403483
register_block_core_term_template,0,1,0.0,0.0,0.11293855363709926,0.5339481776669766,0.0,0.0,0.38988669713338214,3.2222041085403483
register_block_style_handle,1,1,0.11293855363709926,0.5339481776669766,0.11293855363709926,0.5339481776669766,0.38988669713338214,3.2222041085403483,0.38988669713338214,3.2222041085403483
WP_Dependencies::add,1,2,0.07468960209057848,0.3531157044482961,0.1516618285463957,0.7170231454725164,0.19374565283457437,1.601203742434499,0.38987040519714355,3.222069464439203
wp_default_packages,0,2,0.0,0.0,0.1457961495086209,0.6892915291897096,0.0,0.0,0.3876911004384359,3.204058681309388
wp_maybe_inline_styles,0,2,0.0,0.0,0.12337348319982469,0.5832821866892972,0.0,0.0,0.3771588206291199,3.1170150465216517
register_shutdown_function,1,2,0.048986949827615874,0.2315993232387823,0.10081742724067654,0.47664220780802674,0.16730873925345285,1.3827168533343213,0.36312597138541086,3.0010410858298417
get_custom_logo,0,2,0.0,0.0,0.11945226743223271,0.5647435570901221,0.0,0.0,0.361724336942037,2.989457330099479
render_block_core_site_logo,0,2,0.0,0.0,0.11945226743223271,0.5647435570901221,0.0,0.0,0.361724336942037,2.989457330099479
has_custom_logo,1,2,0.05215339840242465,0.2465695826563773,0.11945226743223271,0.5647435570901221,0.1935641368230184,1.59970361010759,0.361724336942037,2.989457330099479
register_core_block_types_from_metadata,0,2,0.0,0.0,0.13719966587531543,0.6486492806171226,0.0,0.0,0.3614597888219924,2.9872709819999375
WP_Style_Engine_CSS_Declarations::filter_declaration,0,2,0.0,0.0,0.1277635506270537,0.6040374418888296,0.0,0.0,0.3497530321280161,2.8905209266778193
wp_enqueue_stored_styles,0,2,0.0,0.0,0.1277635506270537,0.6040374418888296,0.0,0.0,0.3497530321280161,2.8905209266778193
WP_Style_Engine_CSS_Rule::get_css,0,2,0.0,0.0,0.1277635506270537,0.6040374418888296,0.0,0.0,0.3497530321280161,2.8905209266778193
wp_style_engine_get_stylesheet_from_context,0,2,0.0,0.0,0.1277635506270537,0.6040374418888296,0.0,0.0,0.3497530321280161,2.8905209266778193
WP_Style_Engine_Processor::get_css,0,2,0.0,0.0,0.1277635506270537,0.6040374418888296,0.0,0.0,0.3497530321280161,2.8905209266778193
WP_Style_Engine::compile_stylesheet_from_css_rules,0,2,0.0,0.0,0.1277635506270537,0.6040374418888296,0.0,0.0,0.3497530321280161,2.8905209266778193
WP_Style_Engine_CSS_Declarations::get_declarations_string,0,2,0.0,0.0,0.1277635506270537,0.6040374418888296,0.0,0.0,0.3497530321280161,2.8905209266778193
WP_Navigation_Block_Renderer::get_nav_attributes,0,2,0.0,0.0,0.12052322286378878,0.5698067944225158,0.0,0.0,0.31451641236032757,2.5993091930605585
array_merge,2,2,0.09264433268284807,0.43800164792379903,0.09264433268284807,0.43800164792379903,0.31436362436839516,2.598046482383431,0.31436362436839516,2.598046482383431
WP_Block_List::offsetGet,0,2,0.0,0.0,0.11893812291487797,0.5623127970063587,0.0,0.0,0.3135782267366137,2.5915555928645757
WP_Tax_Query::transform_query,0,2,0.0,0.0,0.10308280113377265,0.487352388016636,0.0,0.0,0.31355298842702595,2.591347011793603
WP_Query::generate_cache_key,2,2,0.1093914045256752,0.5171780514083757,0.1093914045256752,0.5171780514083757,0.313332872731345,2.589527873812769,0.313332872731345,2.589527873812769
preg_split,2,2,0.1174606336306322,0.5553275587025244,0.1174606336306322,0.5553275587025244,0.3126940088612693,2.584248007117928,0.3126940088612693,2.584248007117928
wp_get_block_css_selector,2,2,0.1088976762638104,0.5148438148062984,0.1088976762638104,0.5148438148062984,0.2939913272857666,2.4296803907914595,0.2939913272857666,2.4296803907914595
WP_Styles::add_data,2,2,0.08130399733251206,0.38438708319419335,0.08130399733251206,0.38438708319419335,0.2925960949489049,2.4181495450322714,0.2925960949489049,2.4181495450322714
WP_Theme_JSON::get_block_element_selectors,1,2,0.07451736811636925,0.3523014208073274,0.10644281792436243,0.5032377945894055,0.19408559799194336,1.6040132065449864,0.2919521729151408,2.4128278753317423
register_block_core_navigation_submenu,0,1,0.0,0.0,0.1019105362646708,0.4818101823619467,0.0,0.0,0.2913660407066345,2.407983807492847
_inject_theme_attribute_in_template_part_block,0,1,0.0,0.0,0.1019105362646708,0.4818101823619467,0.0,0.0,0.2913660407066345,2.407983807492847
is_file,2,2,0.08046812783954596,0.3804352795083521,0.08046812783954596,0.3804352795083521,0.29072784696306503,2.402709479033595,0.29072784696306503,2.402709479033595
WP_Interactivity_API::parse_directive_name,0,1,0.0,0.0,0.10880608070693523,0.5144107715354146,0.0,0.0,0.28824812173843384,2.382215882135817
wp_footer,0,2,0.0,0.0,0.09927744161359986,0.46936150079761907,0.0,0.0,0.2758696112367842,2.2799141424527622
wpdb::set_charset,0,2,0.0,0.0,0.07972088143208148,0.3769024659147238,0.0,0.0,0.2645495335261027,2.1863597812074604
WP_Navigation_Block_Renderer::get_inner_block_markup,0,2,0.0,0.0,0.07111871653021261,0.3362333575772596,0.0,0.0,0.25806460380554197,2.1327653207069583
wpdb::set_sql_mode,0,2,0.0,0.0,0.08670295240667046,0.4099121331467172,0.0,0.0,0.24376271168390912,2.0145678651562737
WP_HTML_Decoder::decode_attribute,1,1,0.08656383580704642,0.4092544210328259,0.08656383580704642,0.4092544210328259,0.23633642196655275,1.9531935699715104,0.23633642196655275,1.9531935699715104
_get_block_templates_paths,0,1,0.0,0.0,0.09065587114909004,0.42860064730781267,0.0,0.0,0.23480792045593263,1.940561326082088
RecursiveDirectoryIterator::__construct,1,1,0.09065587114909004,0.42860064730781267,0.09065587114909004,0.42860064730781267,0.23480792045593263,1.940561326082088,0.23480792045593263,1.940561326082088
register_block_core_navigation_overlay_close,0,1,0.0,0.0,0.08591867142141248,0.40620422836689357,0.0,0.0,0.23467774391174318,1.9394854868739104
wp_cache_add_multiple,0,1,0.0,0.0,0.07806721052522278,0.36908428037274027,0.0,0.0,0.2346118927001953,1.9389412619850852
wp_get_layout_style,0,1,0.0,0.0,0.06317419381522656,0.29867343415437575,0.0,0.0,0.23340129852294922,1.9289363514293325
wp_cache_get_multiple,1,1,0.06317419381522656,0.29867343415437575,0.06317419381522656,0.29867343415437575,0.23340129852294922,1.9289363514293325,0.23340129852294922,1.9289363514293325
wp_is_numeric_array,0,1,0.0,0.0,0.09538249740048646,0.4509470772218662,0.0,0.0,0.23318986892700194,1.9271889993967102
get_hooked_blocks,1,1,0.09538249740048646,0.4509470772218662,0.09538249740048646,0.4509470772218662,0.23318986892700194,1.9271889993967102,0.23318986892700194,1.9271889993967102
WP_Theme_JSON::compute_spacing_sizes,1,1,0.08911892149866892,0.4213342937148207,0.08911892149866892,0.4213342937148207,0.23277344703674316,1.9237474961714311,0.23277344703674316,1.9237474961714311
wp_set_current_user,0,1,0.0,0.0,0.08074740569056035,0.3817556426156311,0.0,0.0,0.2315833568572998,1.9139120401429737
wp_register_font_collection,1,1,0.08074740569056035,0.3817556426156311,0.08074740569056035,0.3817556426156311,0.2315833568572998,1.9139120401429737,0.2315833568572998,1.9139120401429737
_wp_register_default_font_collections,0,1,0.0,0.0,0.08074740569056035,0.3817556426156311,0.0,0.0,0.2315833568572998,1.9139120401429737
register_block_core_pattern,0,1,0.0,0.0,0.07274785402014255,0.343935554620726,0.0,0.0,0.23054909706115723,1.9053644385219606
WP_Block_Type_Registry::register,1,1,0.07274785402014255,0.343935554620726,0.07274785402014255,0.343935554620726,0.23054909706115723,1.9053644385219606,0.23054909706115723,1.9053644385219606
WP_Post_Type::__construct,1,1,0.0700890019807005,0.33136509789513313,0.0700890019807005,0.33136509789513313,0.20212260882059732,1.6704347836413003,0.20212260882059732,1.6704347836413003
preg_replace,1,1,0.0700890019807005,0.33136509789513313,0.0700890019807005,0.33136509789513313,0.20212260882059732,1.6704347836413003,0.20212260882059732,1.6704347836413003
WP_Theme_JSON::get_styles_for_block,1,1,0.05183047741306067,0.2450428845692444,0.05183047741306067,0.2450428845692444,0.195817232131958,1.6183242324955207,0.195817232131958,1.6183242324955207
wp_fix_server_vars,0,1,0.0,0.0,0.05183047741306067,0.2450428845692444,0.0,0.0,0.195817232131958,1.6183242324955207
wp_get_custom_css,0,1,0.0,0.0,0.07605538911562205,0.3595728394975594,0.0,0.0,0.1951136589050293,1.612509577727515
translate_with_gettext_context,0,1,0.0,0.0,0.07605538911562205,0.3595728394975594,0.0,0.0,0.1951136589050293,1.612509577727515
wp_get_custom_css_post,1,1,0.07605538911562205,0.3595728394975594,0.07605538911562205,0.3595728394975594,0.1951136589050293,1.612509577727515,0.1951136589050293,1.612509577727515
WP_Theme_JSON_Resolver::translate,0,1,0.0,0.0,0.07605538911562205,0.3595728394975594,0.0,0.0,0.1951136589050293,1.612509577727515
get_post_stati,0,1,0.0,0.0,0.07605538911562205,0.3595728394975594,0.0,0.0,0.1951136589050293,1.612509577727515
register_block_core_calendar,0,1,0.0,0.0,0.07089969813863038,0.33519788769301917,0.0,0.0,0.19468208154042563,1.6089428226481457
WP_Block_Styles_Registry::get_registered_styles_for_block,1,1,0.07522361768078327,0.35564041051237255,0.07522361768078327,0.35564041051237255,0.19439291954040527,1.606553054052936,0.19439291954040527,1.606553054052936
get_rest_url,1,1,0.07522361768078327,0.35564041051237255,0.07522361768078327,0.35564041051237255,0.19439291954040527,1.606553054052936,0.19439291954040527,1.606553054052936
wp_default_packages_inline_scripts,0,1,0.0,0.0,0.07522361768078327,0.35564041051237255,0.0,0.0,0.19439291954040527,1.606553054052936
trim,1,1,0.07522361768078327,0.35564041051237255,0.07522361768078327,0.35564041051237255,0.19439291954040527,1.606553054052936,0.19439291954040527,1.606553054052936
wpdb::remove_placeholder_escape,1,1,0.06888848145347437,0.3256893058195241,0.06888848145347437,0.3256893058195241,0.19419471422831217,1.6049149936224147,0.19419471422831217,1.6049149936224147
WP_HTML_Tag_Processor::get_attribute_names_with_prefix,0,1,0.0,0.0,0.07451736811636925,0.3523014208073274,0.0,0.0,0.19408559799194336,1.6040132065449864
WP_Theme_JSON_Schema::migrate,1,1,0.07451736811636925,0.3523014208073274,0.07451736811636925,0.3523014208073274,0.19408559799194336,1.6040132065449864,0.19408559799194336,1.6040132065449864
render_block_core_post_title,0,1,0.0,0.0,0.05215339840242465,0.2465695826563773,0.0,0.0,0.1935641368230184,1.59970361010759
WP_Style_Engine::compile_css,1,1,0.05215339840242465,0.2465695826563773,0.05215339840242465,0.2465695826563773,0.1935641368230184,1.59970361010759,0.1935641368230184,1.59970361010759
wp_apply_border_support,0,1,0.0,0.0,0.05215339840242465,0.2465695826563773,0.0,0.0,0.1935641368230184,1.59970361010759
wp_default_packages_scripts,1,1,0.07057253182783763,0.33365111867733704,0.07057253182783763,0.33365111867733704,0.1932981808980306,1.5975056272564514,0.1932981808980306,1.5975056272564514
wp_set_wpdb_vars,1,1,0.07057253182783763,0.33365111867733704,0.07057253182783763,0.33365111867733704,0.1932981808980306,1.5975056272564514,0.1932981808980306,1.5975056272564514
wp_enqueue_style,0,1,0.0,0.0,0.07057253182783763,0.33365111867733704,0.0,0.0,0.1932981808980306,1.5975056272564514
render_block_core_query_pagination_next,1,1,0.07057253182783763,0.33365111867733704,0.07057253182783763,0.33365111867733704,0.1932981808980306,1.5975056272564514,0.1932981808980306,1.5975056272564514
wp_json_encode,0,1,0.0,0.0,0.06729886902980804,0.31817397443374473,0.0,0.0,0.16816020011901855,1.3897537199918888
json_encode,1,1,0.06729886902980804,0.31817397443374473,0.06729886902980804,0.31817397443374473,0.16816020011901855,1.3897537199918888,0.16816020011901855,1.3897537199918888
_override_custom_logo_theme_mod,0,1,0.0,0.0,0.06729886902980804,0.31817397443374473,0.0,0.0,0.16816020011901855,1.3897537199918888
get_theme_mod,0,1,0.0,0.0,0.06729886902980804,0.31817397443374473,0.0,0.0,0.16816020011901855,1.3897537199918888
WP_Hook::add_filter,0,1,0.0,0.0,0.06566593137649808,0.3104538110692457,0.0,0.0,0.16784109388078963,1.3871164783536332
add_action,0,1,0.0,0.0,0.06566593137649808,0.3104538110692457,0.0,0.0,0.16784109388078963,1.3871164783536332
wp_apply_typography_support,1,1,0.06566593137649808,0.3104538110692457,0.06566593137649808,0.3104538110692457,0.16784109388078963,1.3871164783536332,0.16784109388078963,1.3871164783536332
add_filter,0,1,0.0,0.0,0.06566593137649808,0.3104538110692457,0.0,0.0,0.16784109388078963,1.3871164783536332
wp_default_scripts,1,1,0.04201870350316592,0.1986550158552278,0.04201870350316592,0.1986550158552278,0.16775390080043248,1.3863958743837397,0.16775390080043248,1.3863958743837397
file_exists,1,1,0.04201870350316592,0.1986550158552278,0.04201870350316592,0.1986550158552278,0.16775390080043248,1.3863958743837397,0.16775390080043248,1.3863958743837397
WP_Theme_JSON::get_block_style_variation_selector,1,1,0.048986949827615874,0.2315993232387823,0.048986949827615874,0.2315993232387823,0.16730873925345285,1.3827168533343213,0.16730873925345285,1.3827168533343213
is_admin,0,1,0.0,0.0,0.06831118442184109,0.32295997479759847,0.0,0.0,0.16726507459368026,1.382355988377523
serialize,1,1,0.06831118442184109,0.32295997479759847,0.06831118442184109,0.32295997479759847,0.16726507459368026,1.382355988377523,0.16726507459368026,1.382355988377523
WP_Theme_JSON::compute_theme_vars,1,1,0.051730392788453775,0.24456970688810417,0.051730392788453775,0.24456970688810417,0.1672545841761998,1.3822692907123948,0.1672545841761998,1.3822692907123948
register_block_pattern,1,1,0.051730392788453775,0.24456970688810417,0.051730392788453775,0.24456970688810417,0.1672545841761998,1.3822692907123948,0.1672545841761998,1.3822692907123948
WP_Theme_JSON::get_styles_block_nodes,0,1,0.0,0.0,0.05973970079610008,0.2824359206595143,0.0,0.0,0.16695465360369002,1.379790525650331
wp_render_block_style_variation_class_name,0,1,0.0,0.0,0.06441243808085068,0.3045275756131114,0.0,0.0,0.16693575041634695,1.379634300961545
WP_Theme_JSON::is_safe_css_declaration,0,1,0.0,0.0,0.06441243808085068,0.3045275756131114,0.0,0.0,0.16693575041634695,1.379634300961545
wp_dequeue_style,0,1,0.0,0.0,0.06441243808085068,0.3045275756131114,0.0,0.0,0.16693575041634695,1.379634300961545
WP_Theme_JSON::get_root_layout_rules,0,1,0.0,0.0,0.06441243808085068,0.3045275756131114,0.0,0.0,0.16693575041634695,1.379634300961545
WP_Theme_JSON::get_layout_styles,0,1,0.0,0.0,0.06441243808085068,0.3045275756131114,0.0,0.0,0.16693575041634695,1.379634300961545
__,0,1,0.0,0.0,0.04855711629974535,0.22956716662338855,0.0,0.0,0.1669105121067592,1.379425719890572
WP_Tax_Query::get_sql_for_query,0,1,0.0,0.0,0.04855711629974535,0.22956716662338855,0.0,0.0,0.1669105121067592,1.379425719890572
WP_Tax_Query::get_sql,0,1,0.0,0.0,0.04855711629974535,0.22956716662338855,0.0,0.0,0.1669105121067592,1.379425719890572
WP_Tax_Query::get_sql_clauses,0,1,0.0,0.0,0.04855711629974535,0.22956716662338855,0.0,0.0,0.1669105121067592,1.379425719890572
WP_Tax_Query::clean_query,0,1,0.0,0.0,0.04855711629974535,0.22956716662338855,0.0,0.0,0.1669105121067592,1.379425719890572
wp_get_typography_font_size_value,1,1,0.04855711629974535,0.22956716662338855,0.04855711629974535,0.22956716662338855,0.1669105121067592,1.379425719890572,0.1669105121067592,1.379425719890572
translate,1,1,0.04855711629974535,0.22956716662338855,0.04855711629974535,0.22956716662338855,0.1669105121067592,1.379425719890572,0.1669105121067592,1.379425719890572
WP_Tax_Query::get_sql_for_clause,0,1,0.0,0.0,0.04855711629974535,0.22956716662338855,0.0,0.0,0.1669105121067592,1.379425719890572
array_map,0,1,0.0,0.0,0.058765775345993046,0.2778314193398045,0.0,0.0,0.1667231491633824,1.3778772658130778
WP_Block_Styles_Registry::get_all_registered,1,1,0.058765775345993046,0.2778314193398045,0.058765775345993046,0.2778314193398045,0.1667231491633824,1.3778772658130778,0.1667231491633824,1.3778772658130778
wp_styles,0,1,0.0,0.0,0.0477954316240883,0.22596609213264576,0.0,0.0,0.16668295860290527,1.3775451124207048
wp_default_styles,0,1,0.0,0.0,0.0477954316240883,0.22596609213264576,0.0,0.0,0.16668295860290527,1.3775451124207048
render_block_core_site_title,0,1,0.0,0.0,0.0477954316240883,0.22596609213264576,0.0,0.0,0.16668295860290527,1.3775451124207048
get_bloginfo,1,1,0.0477954316240883,0.22596609213264576,0.0477954316240883,0.22596609213264576,0.16668295860290527,1.3775451124207048,0.16668295860290527,1.3775451124207048
WP_Theme_JSON::scope_selector,1,1,0.0477954316240883,0.22596609213264576,0.0477954316240883,0.22596609213264576,0.16668295860290527,1.3775451124207048,0.16668295860290527,1.3775451124207048
wp_get_view_transitions_admin_css,0,1,0.0,0.0,0.0477954316240883,0.22596609213264576,0.0,0.0,0.16668295860290527,1.3775451124207048
WP_Styles::__construct,0,1,0.0,0.0,0.0477954316240883,0.22596609213264576,0.0,0.0,0.16668295860290527,1.3775451124207048
wpdb::prepare,1,1,0.0636721840538764,0.30102782042779513,0.0636721840538764,0.30102782042779513,0.16624304226466588,1.3739094402038503,0.16624304226466588,1.3739094402038503
str_contains,0,1,0.0,0.0,0.06260334214334148,0.29597457534925414,0.0,0.0,0.1660186903817313,1.3720552924110025
WP_HTML_Tag_Processor::get_updated_html,1,1,0.06260334214334148,0.29597457534925414,0.06260334214334148,0.29597457534925414,0.1660186903817313,1.3720552924110025,0.1660186903817313,1.3720552924110025
register_block_core_post_time_to_read,0,1,0.0,0.0,0.06260334214334148,0.29597457534925414,0.0,0.0,0.1660186903817313,1.3720552924110025
WP_Query::{closure},1,1,0.05089452329548768,0.24061790320226295,0.05089452329548768,0.24061790320226295,0.16538633619035994,1.3668292247137186,0.16538633619035994,1.3668292247137186
wp_using_ext_object_cache,0,1,0.0,0.0,0.05089452329548768,0.24061790320226295,0.0,0.0,0.16538633619035994,1.3668292247137186
register_block_core_term_name,0,1,0.0,0.0,0.057674548646353185,0.2726723439936965,0.0,0.0,0.14763042330741882,1.2200861430365193
is_rtl,0,1,0.0,0.0,0.057674548646353185,0.2726723439936965,0.0,0.0,0.14763042330741882,1.2200861430365193
compact,1,1,0.0548572914872907,0.25935298335327023,0.0548572914872907,0.25935298335327023,0.14667531847953796,1.2121927147069254,0.14667531847953796,1.2121927147069254
implode,0,1,0.0,0.0,0.05452568483402729,0.25778522139324733,0.0,0.0,0.14664247632026672,1.2119212919030307
WP_Script_Modules::print_script_module_translations,0,1,0.0,0.0,0.05452568483402729,0.25778522139324733,0.0,0.0,0.14664247632026672,1.2119212919030307
WP_Script_Modules::print_import_map,0,1,0.0,0.0,0.05452568483402729,0.25778522139324733,0.0,0.0,0.14664247632026672,1.2119212919030307
load_script_module_textdomain,0,1,0.0,0.0,0.05452568483402729,0.25778522139324733,0.0,0.0,0.14664247632026672,1.2119212919030307
strtoupper,0,1,0.0,0.0,0.05452568483402729,0.25778522139324733,0.0,0.0,0.14664247632026672,1.2119212919030307
WP_Textdomain_Registry::get,0,1,0.0,0.0,0.05452568483402729,0.25778522139324733,0.0,0.0,0.14664247632026672,1.2119212919030307
wp_print_inline_script_tag,0,1,0.0,0.0,0.05452568483402729,0.25778522139324733,0.0,0.0,0.14664247632026672,1.2119212919030307
wp_get_inline_script_tag,0,1,0.0,0.0,0.05452568483402729,0.25778522139324733,0.0,0.0,0.14664247632026672,1.2119212919030307
_load_script_textdomain_from_src,0,1,0.0,0.0,0.05452568483402729,0.25778522139324733,0.0,0.0,0.14664247632026672,1.2119212919030307
WP_Dependencies::get_data,1,1,0.05062562917968215,0.23934663206857124,0.05062562917968215,0.23934663206857124,0.14660972356796265,1.2116506079996914,0.14660972356796265,1.2116506079996914
WP_HTML_Tag_Processor::skip_rawtext,1,1,0.05477750259867728,0.2589757593646391,0.05477750259867728,0.2589757593646391,0.14589613676071167,1.205753196369518,0.14589613676071167,1.205753196369518
WP_HTML_Tag_Processor::apply_attributes_updates,0,1,0.0,0.0,0.05477750259867728,0.2589757593646391,0.0,0.0,0.14589613676071167,1.205753196369518
WP_Styles::print_inline_style,0,1,0.0,0.0,0.05477750259867728,0.2589757593646391,0.0,0.0,0.14589613676071167,1.205753196369518
WP_Navigation_Block_Renderer::get_inner_blocks_html,0,1,0.0,0.0,0.041545111986154314,0.19641598127117038,0.0,0.0,0.13272309303283691,1.096885066387082
WP_Navigation_Block_Renderer::get_markup_for_inner_block,0,1,0.0,0.0,0.041545111986154314,0.19641598127117038,0.0,0.0,0.13272309303283691,1.096885066387082
render_block_core_navigation_link,1,1,0.041545111986154314,0.19641598127117038,0.041545111986154314,0.19641598127117038,0.13272309303283691,1.096885066387082,0.13272309303283691,1.096885066387082
WP_Script_Modules::print_script_module,0,1,0.0,0.0,0.04475175677957256,0.2115762794043717,0.0,0.0,0.12922713491651747,1.0679928505497311
WP_HTML_Tag_Processor::set_attribute,0,1,0.0,0.0,0.04475175677957256,0.2115762794043717,0.0,0.0,0.12922713491651747,1.0679928505497311
wp_print_script_tag,0,1,0.0,0.0,0.04475175677957256,0.2115762794043717,0.0,0.0,0.12922713491651747,1.0679928505497311
wp_get_script_tag,0,1,0.0,0.0,0.04475175677957256,0.2115762794043717,0.0,0.0,0.12922713491651747,1.0679928505497311
WP_Script_Modules::print_enqueued_script_modules,0,1,0.0,0.0,0.04475175677957256,0.2115762794043717,0.0,0.0,0.12922713491651747,1.0679928505497311
wp_register_alignment_support,1,1,0.031925449807993174,0.15093637378207805,0.031925449807993174,0.15093637378207805,0.09786657492319743,0.8088146687867556,0.09786657492319743,0.8088146687867556
WP_Block_Supports::register_attributes,0,1,0.0,0.0,0.031925449807993174,0.15093637378207805,0.0,0.0,0.09786657492319743,0.8088146687867556
WP_Block_Supports::init,0,1,0.0,0.0,0.031925449807993174,0.15093637378207805,0.0,0.0,0.09786657492319743,0.8088146687867556
mysqli_set_charset,1,1,0.031925449807993174,0.15093637378207805,0.031925449807993174,0.15093637378207805,0.09786657492319743,0.8088146687867556,0.09786657492319743,0.8088146687867556
