function,self_energy_j,self_energy_percent_of_php,inclusive_energy_j,inclusive_energy_percent_of_php
countWordsSlow,5.945289118266988,77.67550031687888,6.185389931299395,80.81242947335663
isPrimeSlow,1.2336241576897904,16.1173614512921,1.2336241576897904,16.1173614512921
array_unique,0.13131092534871103,1.7155838211795142,0.13131092534871103,1.7155838211795142
array_values,0.13067133181647536,1.7072274996234775,0.13067133181647536,1.7072274996234775
{closure:normalizeSentence():131},0.055562914238495825,0.7259322594217329,0.055562914238495825,0.7259322594217329
ksort,0.053226973445200915,0.6954130758765129,0.053226973445200915,0.6954130758765129
hash,0.052719856734251974,0.6887875706305223,0.052719856734251974,0.6887875706305223
executeMixedWorkload,0.0,0.0,7.419014088989186,96.92979092464874
array_filter,0.0,0.0,0.055562914238495825,0.7259322594217329
textChecksum,0.0,0.0,0.052719856734251974,0.6887875706305223
memory_get_usage,0.0,0.0,0.052719856734251974,0.6887875706305223
calculatePrimeChecksumSlow,0.0,0.0,1.2336241576897904,16.1173614512921
executeTextWorkload,0.0,0.0,6.232572219552044,81.42886843422387
executeCpuWorkload,0.0,0.0,1.1864418694371401,15.500922490424864
normalizeSentence,0.0,0.0,0.055562914238495825,0.7259322594217329
<main>,0.0,0.0,7.471733945723437,97.61857849527925
preg_replace,0.0,0.0,0.055562914238495825,0.7259322594217329
